,id,first_name,last_name,email,gender,ip_address,age
0,1,Moira,Ranger,mranger0@timesonline.co.uk,Female,58.163.121.253,31
1,2,Ragnar,O'Brogane,robrogane1@bing.com,Male,147.50.239.79,4
2,3,Marten,Bartke,mbartke2@blinklist.com,Male,18.217.103.111,99
3,4,Linnet,Semrad,lsemrad3@dagondesign.com,Female,126.13.65.83,1
4,5,Korry,Lindro,klindro4@google.cn,Female,51.165.30.218,77
5,6,Carmine,Dunrige,cdunrige5@weebly.com,Female,210.250.3.103,22
6,7,Shepherd,Offer,soffer6@jugem.jp,Male,38.36.231.61,16
7,8,Aimee,Carlone,acarlone7@yahoo.co.jp,Female,102.229.131.51,4
8,9,Ivar,Silliman,isilliman8@github.io,Male,121.135.11.125,74
9,10,Fairleigh,Sweetzer,fsweetzer9@angelfire.com,Genderqueer,253.187.109.108,79
10,11,Oriana,Wallach,owallacha@so-net.ne.jp,Female,185.25.166.241,19
11,12,Walt,Molen,wmolenb@mozilla.com,Male,87.53.7.67,32
12,13,Barbabra,Banbrigge,bbanbriggec@ameblo.jp,Female,174.70.16.39,6
13,14,Beatriz,Youson,byousond@discovery.com,Female,105.104.130.169,96
14,15,Justino,Vedekhov,jvedekhove@cbslocal.com,Male,155.97.225.57,6
15,16,Jephthah,Jobbing,jjobbingf@purevolume.com,Male,254.173.167.226,19
16,17,Margi,Covet,mcovetg@t-online.de,Female,227.189.83.134,31
17,18,Carl,Abrahmson,cabrahmsonh@cocolog-nifty.com,Male,70.190.252.159,83
18,19,Theressa,Di Biasio,tdibiasioi@webnode.com,Female,110.171.205.10,15
19,20,Fonsie,Lount,flountj@gnu.org,Agender,249.61.230.195,77
20,21,Maura,McGookin,mmcgookink@mediafire.com,Female,75.227.192.222,96
21,22,Reuben,Ride,rridel@unicef.org,Genderfluid,175.50.197.115,63
22,23,Wyatan,Neave,wneavem@wufoo.com,Male,194.173.83.124,15
23,24,Rickard,Isaaksohn,risaaksohnn@tamu.edu,Male,33.165.33.228,39
24,25,Layton,Liverseege,lliverseegeo@etsy.com,Male,193.47.235.29,54
25,26,Tobie,Abells,tabellsp@skype.com,Male,68.160.39.8,84
26,27,Oby,Cobbledick,ocobbledickq@studiopress.com,Male,185.24.60.188,16
27,28,Alida,Pirkis,apirkisr@ebay.co.uk,Female,76.114.73.109,70
28,29,Adolpho,Alessandrini,aalessandrinis@ow.ly,Male,89.129.188.3,19
29,30,Anneliese,Danielkiewicz,adanielkiewiczt@google.com,Female,153.196.180.183,2
30,31,Yancey,Wildes,ywildesu@cargocollective.com,Male,106.163.196.186,97
31,32,Lorita,Bonnefin,lbonnefinv@topsy.com,Bigender,134.107.210.112,65
32,33,Paulina,Tschersich,ptschersichw@domainmarket.com,Female,117.65.190.105,36
33,34,Costa,Claque,cclaquex@mail.ru,Male,190.70.220.71,92
34,35,Christoph,Delahunty,cdelahuntyy@tiny.cc,Male,94.161.252.199,30
35,36,Paul,Dziwisz,pdziwiszz@bluehost.com,Agender,5.69.73.4,51
36,37,Hildagarde,Doodson,hdoodson10@umich.edu,Female,98.143.68.53,36
37,38,Wernher,Fletham,wfletham11@ed.gov,Male,10.91.201.81,88
38,39,Milzie,Spinola,mspinola12@cpanel.net,Female,108.50.73.246,14
39,40,Franciska,Watmough,fwatmough13@gnu.org,Female,39.134.251.144,10
40,41,Revkah,Aldersley,raldersley14@ebay.com,Female,83.214.82.1,17
41,42,Nataniel,Niess,nniess15@msu.edu,Male,78.216.141.67,42
42,43,Fanchon,Iacopo,fiacopo16@nhs.uk,Female,22.196.191.92,18
43,44,Sheilah,Mion,smion17@biblegateway.com,Female,115.0.138.216,10
44,45,Vassili,Malacrida,vmalacrida18@chronoengine.com,Male,193.82.14.142,45
45,46,Gregg,Angier,gangier19@dedecms.com,Male,126.126.85.169,21
46,47,Maybelle,De Maine,mdemaine1a@dmoz.org,Female,108.61.24.18,87
47,48,Alma,Westerman,awesterman1b@telegraph.co.uk,Agender,16.210.185.229,78
48,49,Felita,Jellard,fjellard1c@weebly.com,Female,25.6.80.6,60
49,50,Edie,Yekel,eyekel1d@vkontakte.ru,Female,13.205.206.165,52
50,51,Skelly,Gerhold,sgerhold1e@sciencedaily.com,Male,8.155.226.209,78
51,52,Dore,Keetley,dkeetley1f@sbwire.com,Male,121.58.130.152,38
52,53,Rica,Chevers,rchevers1g@soundcloud.com,Non-binary,108.252.163.107,75
53,54,Ardelia,Dinzey,adinzey1h@tiny.cc,Female,137.175.238.67,78
54,55,Bord,Smeuin,bsmeuin1i@howstuffworks.com,Male,14.14.183.126,47
55,56,Deana,Llewelyn,dllewelyn1j@hc360.com,Female,134.74.11.190,45
56,57,Viviana,Dearth,vdearth1k@china.com.cn,Bigender,186.191.239.145,84
57,58,Dynah,Balfour,dbalfour1l@google.de,Female,91.40.160.97,86
58,59,Cristionna,Bente,cbente1m@xing.com,Female,128.71.17.84,12
59,60,Georas,Tayspell,gtayspell1n@weather.com,Male,164.68.12.171,68
60,61,Wendy,Aleavy,waleavy1o@bbb.org,Polygender,61.31.180.142,71
61,62,Duane,Branch,dbranch1p@usnews.com,Male,162.166.75.251,11
62,63,Jelene,Elderidge,jelderidge1q@weebly.com,Female,14.95.212.30,46
63,64,Der,Stothart,dstothart1r@google.co.jp,Polygender,196.182.235.155,66
64,65,Sander,Balnaves,sbalnaves1s@bloglines.com,Male,198.240.242.37,62
65,66,Ulrick,Flowitt,uflowitt1t@ed.gov,Male,127.83.77.87,61
66,67,Amerigo,Rene,arene1u@imgur.com,Male,106.137.89.238,59
67,68,Dwayne,Lannin,dlannin1v@reverbnation.com,Male,149.188.168.12,64
68,69,Deb,Garstang,dgarstang1w@stanford.edu,Agender,60.175.104.90,93
69,70,Guinevere,Frew,gfrew1x@toplist.cz,Female,8.186.50.116,87
70,71,Berty,Rayworth,brayworth1y@topsy.com,Male,61.206.75.211,58
71,72,Niels,Brimman,nbrimman1z@ed.gov,Male,150.149.235.212,28
72,73,Teressa,Markwelley,tmarkwelley20@shop-pro.jp,Female,213.82.149.144,12
73,74,Lebbie,Mellmer,lmellmer21@xinhuanet.com,Agender,123.11.9.135,11
74,75,Donella,Bris,dbris22@patch.com,Bigender,108.202.103.16,9
75,76,Paco,Biffin,pbiffin23@deliciousdays.com,Male,100.9.138.40,41
76,77,Faith,Starr,fstarr24@plala.or.jp,Female,10.77.173.55,25
77,78,Deeann,Chester,dchester25@diigo.com,Female,115.53.215.16,46
78,79,Sarge,Forrestor,sforrestor26@nbcnews.com,Male,170.128.158.238,64
79,80,Elene,Kencott,ekencott27@discovery.com,Genderqueer,25.114.73.151,87
80,81,Chilton,Larroway,clarroway28@cisco.com,Male,68.188.178.214,62
81,82,Justin,Bumphries,jbumphries29@senate.gov,Male,141.220.235.91,6
82,83,Annora,Bothen,abothen2a@addthis.com,Polygender,187.84.253.91,84
83,84,Martita,Propper,mpropper2b@google.es,Female,23.138.70.169,20
84,85,Bradley,Covelle,bcovelle2c@eepurl.com,Male,78.44.41.194,17
85,86,Benoit,Keaveny,bkeaveny2d@abc.net.au,Male,117.204.99.62,88
86,87,Marco,Yakushkin,myakushkin2e@eventbrite.com,Male,176.213.180.238,94
87,88,Leyla,Brumwell,lbrumwell2f@bbb.org,Female,236.241.64.179,44
88,89,Chiarra,Roskeilly,croskeilly2g@wp.com,Female,56.39.44.244,39
89,90,Tris,Berggren,tberggren2h@discovery.com,Male,156.56.107.5,38
90,91,Xena,Vlasyuk,xvlasyuk2i@tumblr.com,Female,143.9.107.123,65
91,92,Godard,Clayson,gclayson2j@yahoo.co.jp,Male,103.254.99.159,75
92,93,Maisie,McCrudden,mmccrudden2k@google.com.br,Female,75.61.126.81,58
93,94,Lamar,Danbury,ldanbury2l@ted.com,Genderqueer,209.178.247.187,84
94,95,Arlan,Gladdis,agladdis2m@istockphoto.com,Male,69.3.201.161,48
95,96,Florrie,Grellier,fgrellier2n@blog.com,Female,154.131.158.61,11
96,97,Mariel,Wynrehame,mwynrehame2o@shutterfly.com,Female,177.186.68.202,55
97,98,Wendie,Benech,wbenech2p@zdnet.com,Female,220.235.14.73,28
98,99,Shurwood,Rintoul,srintoul2q@bloglines.com,Male,107.49.212.245,55
99,100,Danya,Carletto,dcarletto2r@go.com,Male,147.32.11.127,74
